old_id	old_symbols_hex	current_id	current_symbols_hex	status
0		0,255	|	ambiguous-current-equivalent
1	0713072b	1	0713072b	same-id
2	15072d	2	15072d	same-id
3	2d2337	3	2d2337	same-id
4	022b	4	022b	same-id
5	1302	5	1302	same-id
6	1326	6	1326	same-id
7	220236	7	220236	same-id
8	2a0b36	8	2a0b36	same-id
9	2c44	9	2c44	same-id
10	0735	10	0735	same-id
11	362f	11	362f	same-id
12	3711	12	3711	same-id
13	1f39	13	1f39	same-id
14	2a39	14	2a39	same-id
15	2c26	15	2c26	same-id
16	363f	16	363f	same-id
17	3708	17	3708	same-id
18	2c072a	18	2c072a	same-id
19	0235	19	0235	same-id
20	052b	20	052b	same-id
21	1508	21	1508	same-id
22	1839	22	1839	same-id
23	200b36	23	200b36	same-id
24	2211	24	2211	same-id
25	2544072c	25	2544072c	same-id
26	2926	26	2926	same-id
27	2c0236	27	2c0236	same-id
28	2c08	28	2c08	same-id
29	2c18	29	2c18	same-id
30	3505	30	3505	same-id
31	433b	31	433b	same-id
32	0720	32	0720	same-id
33	0b2b	33	0b2b	same-id
34	1308	34	1308	same-id
35	131b	35	131b	same-id
36	1524	36	1524	same-id
37	2b08	37	2b08	same-id
38	2b30	38	2b30	same-id
39	2c13	39	2c13	same-id
40	4211	40	4211	same-id
41	2a072d	41	2a072d	same-id
42	072d39	42	072d39	same-id
43	233739	43	233739	same-id
44	2b232e	44	2b232e	same-id
45	37391a	45	37391a	same-id
46	0715	46	0715	same-id
47	092d	47	092d	same-id
48	0a36	48	0a36	same-id
49	1305	49	1305	same-id
50	1544	50	1544	same-id
51	183739	51	183739	same-id
52	201a	52	201a	same-id
53	2a08	53	2a08	same-id
54	2b11	54	2b11	same-id
55	2b1e	55	2b1e	same-id
56	2b3f	56	2b3f	same-id
57	3608	57	3608	same-id
58	3611	58	3611	same-id
59	361e	59	361e	same-id
60	371a	60	371a	same-id
61	372a26	61	372a26	same-id
62	39232e	62	39232e	same-id
63	0336	63	0336	same-id
64	0c36	64	0c36	same-id
65	151a	65	151a	same-id
66	1526	66	1526	same-id
67	211a	67	211a	same-id
68	2205	68	2205	same-id
69	2344	69	2344	same-id
70	2436	70	2436	same-id
71	272d	71	272d	same-id
72	2a26	72	2a26	same-id
73	2a2f	73	2a2f	same-id
74	2a30	74	2a30	same-id
75	2b02	75	2b02	same-id
76	2b27	76	2b27	same-id
77	2b44	77	2b44	same-id
78	2c24	78	2c24	same-id
79	2e21	79	2e21	same-id
80	302b	80	302b	same-id
81	3602	81	3602	same-id
82	3628	82	3628	same-id
83	3630	83	3630	same-id
84	3724	84	3724	same-id
85	3726	85	3726	same-id
86	3727	86	3727	same-id
87	392f	87	392f	same-id
88	4224	88	4224	same-id
89	44072c	89	44072c	same-id
90	13072b	90	13072b	same-id
91	37072d	91	37072d	same-id
92	39072d	92	39072d	same-id
93	392315	93	392315	same-id
94	0136	94	0136	same-id
95	052a	95	052a	same-id
96	1244	96	1244	same-id
97	182a	97	182a	same-id
98	1a15	98	1a15	same-id
99	1e38072d	99	1e38072d	same-id
100	202b	100	202b	same-id
101	2a05	101	2a05	same-id
102	2a1a	102	2a1a	same-id
103	2a42	103	2a42	same-id
104	2b05	104	2b05	same-id
105	2b18	105	2b18	same-id
106	2b1a	106	2b1a	same-id
107	2b24	107	2b24	same-id
108	2c05	108	2c05	same-id
109	2c1a	109	2c1a	same-id
110	2d1a	110	2d1a	same-id
111	2e2a	111	2e2a	same-id
112	351a	112	351a	same-id
113	3627	113	3627	same-id
114	411a	114	411a	same-id
115	433f	115	433f	same-id
116	2c072d	116	2c072d	same-id
117	38072d	117	38072d	same-id
118	131a	118	131a	same-id
119	2c35	119	2c35	same-id
120	022d	120	022d	same-id
121	052d	121	052d	same-id
122	0713	122	0713	same-id
123	072a	123	072a	same-id
124	072b	124	072b	same-id
125	072c	125	072c	same-id
126	072d	126	072d	same-id
127	0737	127	0737	same-id
128	0739	128	0739	same-id
129	0b36	129	0b36	same-id
130	1307	130	1307	same-id
131	1336	131	1336	same-id
132	1507	132	1507	same-id
133	1523	133	1523	same-id
134	182b	134	182b	same-id
135	182d	135	182d	same-id
136	1836	136	1836	same-id
137	1a44	137	1a44	same-id
138	2136	138	2136	same-id
139	2315	139	2315	same-id
140	232a	140	232a	same-id
141	232d	141	232d	same-id
142	232e	142	232e	same-id
143	2337	143	2337	same-id
144	2339	144	2339	same-id
145	242b	145	242b	same-id
146	242d	146	242d	same-id
147	2607	147	2607	same-id
148	2a02	148	2a02	same-id
149	2a07	149	2a07	same-id
150	2a2b	150	2a2b	same-id
151	2a36	151	2a36	same-id
152	2a37	152	2a37	same-id
153	2b07	153	2b07	same-id
154	2b15	154	2b15	same-id
155	2b23	155	2b23	same-id
156	2b26	156	2b26	same-id
157	2c07	157	2c07	same-id
158	2d07	158	2d07	same-id
159	2d15	159	2d15	same-id
160	2d23	160	2d23	same-id
161	2d26	161	2d26	same-id
162	2d37	162	2d37	same-id
163	2d39	163	2d39	same-id
164	2d44	164	2d44	same-id
165	3536	165	3536	same-id
166	3605	166	3605	same-id
167	3607	167	3607	same-id
168	3618	168	3618	same-id
169	3623	169	3623	same-id
170	3624	170	3624	same-id
171	3626	171	3626	same-id
172	3707	172	3707	same-id
173	3723	173	3723	same-id
174	372a	174	372a	same-id
175	3735	175	3735	same-id
176	3739	176	3739	same-id
177	3807	177	3807	same-id
178	3907	178	3907	same-id
179	391a	179	391a	same-id
180	3923	180	3923	same-id
181	3926	181	3926	same-id
182	3936	182	3936	same-id
183	3937	183	3937	same-id
184	0236			no-current-equivalent
185	01	184	01	remapped
186	02	185	02	remapped
187	03	186	03	remapped
188	04	187	04	remapped
189	05	188	05	remapped
190	06	189	06	remapped
191	07	190	07	remapped
192	08	191	08	remapped
193	09	192	09	remapped
194	0a	193	0a	remapped
195	0b	194	0b	remapped
196	0c	195	0c	remapped
197	0d	196	0d	remapped
198	0e	197	0e	remapped
199	0f	198	0f	remapped
200	10	199	10	remapped
201	11	200	11	remapped
202	12	201	12	remapped
203	13	202	13	remapped
204	14	203	14	remapped
205	15	204	15	remapped
206	16	205	16	remapped
207	17	206	17	remapped
208	18	207	18	remapped
209	19	208	19	remapped
210	1a	209	1a	remapped
211	1b	210	1b	remapped
212	1c	211	1c	remapped
213	1d	212	1d	remapped
214	1e	213	1e	remapped
215	1f	214	1f	remapped
216	20	215	20	remapped
217	21	216	21	remapped
218	22	217	22	remapped
219	23	218	23	remapped
220	24	219	24	remapped
221	25	220	25	remapped
222	26	221	26	remapped
223	27	222	27	remapped
224	28	223	28	remapped
225	29	224	29	remapped
226	2a	225	2a	remapped
227	2b	226	2b	remapped
228	2c	227	2c	remapped
229	2d	228	2d	remapped
230	2e	229	2e	remapped
231	2f	230	2f	remapped
232	30	231	30	remapped
233	31	232	31	remapped
234	32	233	32	remapped
235	33	234	33	remapped
236	34	235	34	remapped
237	35	236	35	remapped
238	36	237	36	remapped
239	37	238	37	remapped
240	38	239	38	remapped
241	39	240	39	remapped
242	3a	241	3a	remapped
243	3b	242	3b	remapped
244	3c	243	3c	remapped
245	3d	244	3d	remapped
246	3e	245	3e	remapped
247	3f	246	3f	remapped
248	40	247	40	remapped
249	41	248	41	remapped
250	42	249	42	remapped
251	43	250	43	remapped
252	44	251	44	remapped
253	45	252	45	remapped
254	64	253	64	remapped
255		0,255	|	ambiguous-current-equivalent
