family	code	count	ING	LY	ER	ED	S	OTHER	samples
F	1	3	0	0	0	0	0	3	ELIOT-OR-MARTIN,BRUTAL-AND,DONE-AND
F	18	2	0	0	0	0	0	2	NO-ONE,T'HI-IM
F	20	1	0	0	0	0	0	1	MARGIN-THE
F	36	1	0	0	0	0	0	1	X-THERE
F	39	18	0	0	0	0	0	18	ANTE-BELLUM,BIFUTEK-SAN,BOUT-DE-SOUFFLE,CHI-CHI,DEMI-MONDE,GRANDE-BRETAGNE,HARA-KIRI,HOI-POLLOI
F	55	22	0	0	2	0	4	16	AGREED-UPON,ALL-OVER,CHIN-UP,COME-ON,EARLIER-THE,NEAR-BY,OCCUPATION-AS,PAID-FOR
F	58	1	0	0	0	0	1	0	VIS-A-VIS
F	71	1	1	0	0	0	0	0	PISTOL-WHIPPING
F	77	1	0	0	0	0	0	1	WHAT-WILL-T
F	95	256	0	119	2	3	7	125	ABSENT-MINDEDLY,ACROSS-THE-BOARD,ALL-IN-ALL,ALL-OUT,ANTE-MORTEM,ANTI-SEMITICALLY,ANTI-CLOCKWISE,ARSY-VERSY
F	96	1	0	0	0	0	0	1	HEAD-TO-HEAD
F	98	111	0	2	9	12	7	81	AIR-TO-AIR,AIR-TO-GROUND,AIR-TO-SURFACE,ALL-FIRED,ANKLE-DEEP,ARSY-VARSY,AT-LARGE,BARE-HANDED
F	107	1	0	0	0	0	0	1	GOOD-BY
F	109	1	1	0	0	0	0	0	NOT-KNOWING
F	112	1	0	1	0	0	0	0	LESS-PERFECTLY
F	113	1	0	0	0	0	1	0	MOST-CONTENTIOUS
F	114	1	0	0	0	0	0	1	UP-PP
F	118	43	0	0	0	0	2	41	COCK-A-DOODLE-DOO,FIDDLE-STICKS,FIDDLE-FADDLE,GEE-UP,HA-HA,HAW-HAW,HEIGH-HO,HO-HUM
F	120	362	357	0	0	0	0	5	ABOUT-SHIPPING,ABOUT-FACING,ABOUT-TURNING,AD-LIBBING,AIR-CONDITIONING,AIR-COOLING,AIR-MAILING,AIR-DRYING
F	124	1	0	0	0	0	0	1	TRANSPORTATION-WHERE
G	1	10	0	0	2	0	0	8	AN',ANDOR,AND/OR,ETHER,ND,NETHER,NOR,OR
G	2	2	0	0	0	0	0	2	AN,N
G	3	1	0	0	1	0	0	0	EITHER
G	4	1	0	0	1	0	0	0	NEITHER
G	5	1	0	0	0	0	0	1	BOTH
G	6	1	0	0	0	0	0	1	ONE
G	7	1	0	0	0	0	0	1	ET
G	8	3	0	0	0	0	2	1	MINUS,VERSUS,VS.
G	9	1	0	0	0	0	0	1	SO
G	10	8	0	0	1	0	1	6	ALTHO,ERE,GAINST,NISI,V.,WHENAS,WHETHER,WHILST
G	11	6	0	0	0	0	1	5	THO',BUT,PLUS,SYN,WHEREINTO,YET
G	12	1	0	0	0	0	1	0	LESS
G	13	7	0	0	3	0	0	4	HOWBEIT,AFORE,SYNE,WHENCESOEVER,WHENSOEVER,WHEREAT,WHITHERSOEVER
G	14	1	0	0	1	0	0	0	WHERESOEVER
G	15	2	0	0	1	0	0	1	FOR,OVER
G	16	1	0	0	0	0	0	1	TO
G	17	1	1	0	0	0	0	0	PROVIDING
G	18	5	0	0	0	0	2	3	AND,THENCEFORTH,THEREFORE,TIMES,WHILES
G	19	1	1	0	0	0	0	0	SEEING
G	20	52	1	0	0	1	1	49	AIN,AN'ADVERTISING,BILLION,ELEVEN,FIVE,FIFTEEN,FIFTY,HEELSTHE
G	21	3	0	0	0	0	0	3	DEL,LA,LE
G	22	1	0	0	0	0	0	1	A
G	23	1	0	0	0	0	0	1	THE
G	24	1	0	0	0	0	0	1	SUCH
G	25	1	0	0	0	0	0	1	THAT
G	26	1	0	0	0	0	0	1	ALL
G	27	3	0	0	0	0	1	2	HALF,NARY,THIS
G	28	5	0	0	1	0	1	3	ANOTHER,THEM,VARIOUS,Y'ALL,YE
G	29	4	0	0	0	0	0	4	ANY,EACH,SOME,FEW
G	30	1	0	0	1	0	0	0	WHATEVER
G	31	1	0	0	0	0	0	1	THINE
G	32	9	0	0	2	0	0	7	CERTAIN,ELSE,ENOUGH,NOT,OTHER,SEVERAL,MUCH,YONDER
G	33	1	0	0	0	0	0	1	LEAST
G	34	1	0	0	0	0	0	1	NO
G	35	1	0	0	1	0	0	0	WHICHEVER
G	37	1	0	0	0	0	0	1	THERE
G	38	1	0	0	1	0	0	0	THER
G	39	603	0	0	14	1	101	487	ABER,ABSENTIA,ADIEU,ADIOS,AGILE,AGRICOLAS,AGRICOLE,AGRICULTEURS
G	40	10	0	0	1	0	1	8	DE,INTER,LIEU,PAR,POUR,SANS,SINE,C.
G	41	1	0	0	0	0	0	1	SE
G	42	5	0	0	0	0	0	5	CON,EN,PRO,ROUTE,VICE
G	44	1	0	0	0	0	0	1	O
G	45	1	0	0	1	0	0	0	PER
G	46	3	0	0	0	0	0	3	ME,I,Y
G	47	1	0	0	0	0	0	1	UM
G	48	18	0	0	0	0	0	18	AD,ALLEGRO,AM,DEJA,EST,ETCETERA,ETC.,INFRA
G	49	1	0	0	0	0	0	1	ASSAI
G	50	1	0	0	0	0	0	1	SAY
G	51	1	0	0	0	0	0	1	I.E.
G	52	3	0	0	0	0	0	3	AMEN,CIAO,SHALOM
G	53	1	0	0	0	0	0	1	BEIN
G	54	1	0	0	0	0	0	1	QUO
G	55	90	1	0	4	1	8	76	ABSENT,AGAINST,ALTHOUGH,AMIDST,AMID,AMONGST,AMONG,ANENT
G	56	1	0	0	1	0	0	0	RATHER
G	57	1	0	0	0	0	0	1	OF'EM
G	58	54	1	4	1	0	2	46	AGIN,AGO,ALBEIT,ALMOST,ALONGSIDE,AS,ATOP,ATHWART
G	59	11	0	0	0	0	0	11	ABAFT,ADOWN,ANEAR,ASLANT,BETWIXT,SITH,FORBY,FORBYE
G	60	3	0	0	0	0	0	3	ABOUT,IN,ON
G	61	33	0	0	4	0	1	28	ABROAD,ABOARD,ABOVE,ACROSS,ALONG,AROUND,ASIDE,AT
G	62	1	0	0	0	0	0	1	BY
G	63	3	0	0	0	0	0	3	HERE,NOW,RIGHT
G	64	1	1	0	0	0	0	0	CONSIDERING
G	65	1	0	0	0	0	0	1	WHEN
G	66	5	0	0	5	0	0	0	WHENEVER,WHENE'ER,WHEREVER,WHERE'ER,WHITHER
G	67	1	0	0	1	0	0	0	NEARER
G	68	1	0	0	0	0	0	1	NEAREST
G	69	3	0	0	0	0	0	3	INTO,ONTO,UNTO
G	70	1	0	0	0	0	0	1	UH
G	71	11	11	0	0	0	0	0	BARRING,CONCERNING,PENDING,REGARDING,RESPECTING,SAVING,WANTING,EXCEPTING
G	72	1	0	0	0	0	0	1	WHERE
G	73	1	0	0	0	0	1	0	WHEREAS
G	74	42	0	0	0	1	1	40	CAIN,CA,CANNOT,CAN,CAN'T,COULD,COULDN'T,COLDE
G	75	1	0	0	0	0	0	1	THEY'LL
G	76	2	0	0	0	0	0	2	OUGHT,WILL
G	78	1	0	0	0	0	0	1	QUITE
G	79	1	0	0	0	0	0	1	SURE
G	80	1	0	0	0	0	0	1	WHAT
G	81	1	0	0	0	0	1	0	BOOKS
G	82	1	0	0	0	0	1	0	S
G	83	57	1	0	0	1	5	50	ANYBODY,ANYONE,DEY,EM,HERSELF,HE,HE/SHE,HISSELF
G	84	15	0	0	3	0	5	7	HERS,HER,HIS,IDEM,MINE,OURS,SUCHLIKE,THEIR
G	85	1	0	0	0	0	0	1	SUMMAT
G	86	1	0	0	0	0	0	1	WHEREWITH
G	87	1	0	0	0	0	0	1	MY
G	88	1	0	0	1	0	0	0	WHOSEVER
G	89	3	3	0	0	0	0	0	ANYTHING,NOTHING,SOMETHING
G	90	1	0	0	0	0	0	1	YOU
G	91	2	0	0	0	0	0	2	HOO,AH
G	92	4	0	0	2	0	1	1	WHOMEVER,WHO,WHO'S,WHOEVER
G	93	11	0	0	2	0	2	7	HIR,HIS/HER,ITS,MAH,OUR,HYS,MYNE,MYN
G	94	1	0	0	0	0	0	1	YORE
G	95	7098	2	6299	30	15	109	643	ABACTINALLY,ABASHEDLY,ABED,ABERRANTLY,ABHORRENTLY,ABIDINGLY,ABLAZE,ABLY
G	96	18	0	0	17	0	0	1	DEEPER,EASIER,EARLIER,FIRMER,HARDER,HIGHER,LONGER,LOUDER
G	97	1	0	0	1	0	0	0	BETTER
G	98	313	3	76	16	4	23	191	ABEAM,ABORNING,ABSTINENTLY,ABLUSH,ACCELERANDO,ACOCK,ACLUTTER,ADVISABLY
G	99	2	0	0	0	0	0	2	NAE,TANTIVY
G	100	3	3	0	0	0	0	0	DARKLING,PERISHING,CLINKING
G	101	2	0	0	0	0	0	2	WHEREON,WHEREOF
G	102	2	0	0	2	0	0	0	LATER,EVER
G	103	1	0	0	1	0	0	0	NEVER
G	104	1	0	0	1	0	0	0	HOWEVER
G	105	10	0	0	0	0	0	10	BEST,EARLIEST,FIRST,HARDEST,HIGHEST,MOST,SECOND,FARTHEST
G	106	17	0	0	0	0	2	15	ABACK,ABREAST,AGROUND,ALOFT,APART,ASTRAY,HIGH,INDOORS
G	107	24	0	1	0	2	3	18	ALAS,ALRIGHT,ANYWAYS,DAMNED,DAM,DAMN,DEAR,INDEED
G	108	1	0	0	0	0	0	1	WHY
G	109	18	18	0	0	0	0	0	BLINKING,BOILING,BOGGING,CRACKING,MIDDLING,PASSING,RAVING,ROARING
G	110	1	0	0	1	0	0	0	WHATSOEVER
G	111	7	0	0	2	0	0	5	HOW,HOWE'ER,SOMEHOW,WHENCE,WHEREIN,WHERESOE'ER,WHEREBY
G	112	49	0	0	48	1	0	0	BIGGER,CHEAPER,COLDER,EMPTIER,GRANDER,GREATER,GRIMMER,GRAVER
G	113	7	0	0	0	0	0	7	BIGGEST,BLUNTEST,HEARTIEST,LARGEST,LOUDEST,TIGHTEST,FASTEST
G	114	5	0	0	0	0	0	5	CROP,PIE,START,TEETH,GO
G	115	1	1	0	0	0	0	0	RAISING
G	116	1	0	0	1	0	0	0	TER
G	117	1	0	0	0	0	0	1	NA
G	118	242	3	1	3	0	23	212	ALACK,ALLO,ARF,ATISHOO,ATTABOY,ATTA,BANG,BABY
G	119	1	1	0	0	0	0	0	JUMPING
G	120	9488	9386	0	0	2	0	100	ABANDONING,ABASHING,ABASING,ABATING,ABDICATING,ABETTING,ABHORRING,ABIDING
G	121	1	0	0	0	0	0	1	WHICH
G	122	6	0	0	2	0	0	4	WHA,WHADDYA,WHOSOEVER,WHOE,WHOE'ER,WHOM
G	123	1	0	0	0	0	0	1	WHOSE
G	124	7	0	0	2	0	0	5	HOWDA,MOMENTWHEN,WHAH,WHEARE,WHEREEVER,WHER,WHY'N
