status	name	entry	body_bytes	thunk	external	detail
DECOMPILED	FUN_10001000	10001000	924	false	false	
DECOMPILED	FUN_100013a0	100013a0	222	false	false	
DECOMPILED	FUN_10001480	10001480	192	false	false	
DECOMPILED	FUN_10001540	10001540	44	false	false	
DECOMPILED	FUN_10001570	10001570	87	false	false	
DECOMPILED	FUN_100015d0	100015d0	365	false	false	
DECOMPILED	FUN_10001740	10001740	140	false	false	
DECOMPILED	FUN_100017d0	100017d0	175	false	false	
DECOMPILED	FUN_10001880	10001880	263	false	false	
DECOMPILED	FUN_10001990	10001990	32	false	false	
DECOMPILED	FUN_100019b0	100019b0	116	false	false	
DECOMPILED	FUN_10001a30	10001a30	441	false	false	
DECOMPILED	FUN_10001bf0	10001bf0	140	false	false	
DECOMPILED	FUN_10001c80	10001c80	175	false	false	
DECOMPILED	FUN_10001d30	10001d30	27	false	false	
DECOMPILED	FUN_10001d50	10001d50	435	false	false	
DECOMPILED	FUN_100020b0	100020b0	261	false	false	
DECOMPILED	FUN_100021c0	100021c0	224	false	false	
DECOMPILED	FUN_100022a0	100022a0	31	false	false	
DECOMPILED	FUN_100022c0	100022c0	36	false	false	
DECOMPILED	FUN_100022f0	100022f0	103	false	false	
DECOMPILED	FUN_10002360	10002360	25	false	false	
DECOMPILED	FUN_10002380	10002380	55	false	false	
DECOMPILED	FUN_100023c0	100023c0	45	false	false	
DECOMPILED	FUN_100023f0	100023f0	739	false	false	
DECOMPILED	FUN_100026e0	100026e0	395	false	false	
DECOMPILED	FUN_10002870	10002870	95	false	false	
DECOMPILED	FUN_100028d0	100028d0	1872	false	false	
DECOMPILED	FUN_10003020	10003020	248	false	false	
DECOMPILED	FUN_10003120	10003120	57	false	false	
DECOMPILED	FUN_10003160	10003160	329	false	false	
DECOMPILED	FUN_100032b0	100032b0	442	false	false	
DECOMPILED	FUN_10003470	10003470	223	false	false	
DECOMPILED	FUN_10003550	10003550	28	false	false	
DECOMPILED	FUN_10003570	10003570	11	false	false	
DECOMPILED	FUN_10003580	10003580	14	false	false	
DECOMPILED	FUN_10003590	10003590	12	false	false	
DECOMPILED	FUN_100035a0	100035a0	78	false	false	
DECOMPILED	FUN_100035f0	100035f0	10	false	false	
DECOMPILED	FUN_10003600	10003600	210	false	false	
DECOMPILED	FUN_100036e0	100036e0	35	false	false	
DECOMPILED	FUN_10003710	10003710	327	false	false	
DECOMPILED	FUN_10003860	10003860	47	false	false	
DECOMPILED	FUN_10003890	10003890	131	false	false	
DECOMPILED	FUN_10003920	10003920	76	false	false	
DECOMPILED	FUN_10003970	10003970	148	false	false	
DECOMPILED	FUN_10003a10	10003a10	122	false	false	
DECOMPILED	FUN_10003a90	10003a90	779	false	false	
DECOMPILED	FUN_10003da0	10003da0	181	false	false	
DECOMPILED	FUN_10003e60	10003e60	59	false	false	
DECOMPILED	FUN_10003ea0	10003ea0	16	false	false	
DECOMPILED	FUN_10003eb0	10003eb0	169	false	false	
DECOMPILED	FUN_10003f60	10003f60	92	false	false	
DECOMPILED	FUN_10003fc0	10003fc0	224	false	false	
DECOMPILED	FUN_100040a0	100040a0	549	false	false	
DECOMPILED	FUN_100042d0	100042d0	133	false	false	
DECOMPILED	FUN_10004360	10004360	205	false	false	
DECOMPILED	FUN_10004430	10004430	783	false	false	
DECOMPILED	FUN_10004740	10004740	764	false	false	
DECOMPILED	FUN_10004a40	10004a40	3593	false	false	
DECOMPILED	FUN_10005850	10005850	487	false	false	
DECOMPILED	FUN_10005a40	10005a40	447	false	false	
DECOMPILED	FUN_10005c00	10005c00	53	false	false	
DECOMPILED	FUN_10005c40	10005c40	1045	false	false	
DECOMPILED	FUN_10006060	10006060	935	false	false	
DECOMPILED	FUN_10006410	10006410	2598	false	false	
DECOMPILED	FUN_10006e40	10006e40	261	false	false	
DECOMPILED	FUN_10006f50	10006f50	38	false	false	
DECOMPILED	FUN_10006f80	10006f80	302	false	false	
DECOMPILED	FUN_100070b0	100070b0	1298	false	false	
DECOMPILED	FUN_100075d0	100075d0	248	false	false	
DECOMPILED	FUN_100076d0	100076d0	444	false	false	
DECOMPILED	FUN_10007890	10007890	368	false	false	
DECOMPILED	FUN_10007a00	10007a00	2500	false	false	
DECOMPILED	FUN_100083d0	100083d0	187	false	false	
DECOMPILED	FUN_10008490	10008490	967	false	false	
DECOMPILED	FUN_10008860	10008860	1840	false	false	
DECOMPILED	FUN_10008f90	10008f90	1870	false	false	
DECOMPILED	FUN_100096e0	100096e0	943	false	false	
DECOMPILED	FUN_10009a90	10009a90	956	false	false	
DECOMPILED	FUN_10009e50	10009e50	314	false	false	
DECOMPILED	FUN_10009f90	10009f90	302	false	false	
DECOMPILED	FUN_1000a0c0	1000a0c0	112	false	false	
DECOMPILED	FUN_1000a130	1000a130	29	false	false	
DECOMPILED	FUN_1000a150	1000a150	206	false	false	
DECOMPILED	FUN_1000a220	1000a220	187	false	false	
DECOMPILED	FUN_1000a2e0	1000a2e0	503	false	false	
DECOMPILED	FUN_1000a4e0	1000a4e0	583	false	false	
DECOMPILED	FUN_1000a730	1000a730	497	false	false	
DECOMPILED	FUN_1000a930	1000a930	2565	false	false	
DECOMPILED	FUN_1000b340	1000b340	140	false	false	
DECOMPILED	FUN_1000b3d0	1000b3d0	125	false	false	
DECOMPILED	FUN_1000b450	1000b450	111	false	false	
DECOMPILED	FUN_1000b4c0	1000b4c0	38	false	false	
DECOMPILED	FUN_1000b4f0	1000b4f0	38	false	false	
DECOMPILED	FUN_1000b520	1000b520	38	false	false	
DECOMPILED	FUN_1000b550	1000b550	38	false	false	
DECOMPILED	FUN_1000b580	1000b580	987	false	false	
DECOMPILED	FUN_1000b960	1000b960	249	false	false	
DECOMPILED	FUN_1000ba60	1000ba60	289	false	false	
DECOMPILED	FUN_1000bb90	1000bb90	4450	false	false	
DECOMPILED	FUN_1000cd00	1000cd00	73	false	false	
DECOMPILED	FUN_1000cd50	1000cd50	330	false	false	
DECOMPILED	FUN_1000cea0	1000cea0	55	false	false	
DECOMPILED	FUN_1000cee0	1000cee0	63	false	false	
DECOMPILED	FUN_1000cf20	1000cf20	53	false	false	
DECOMPILED	FUN_1000cf60	1000cf60	44	false	false	
DECOMPILED	FUN_1000cf90	1000cf90	48	false	false	
DECOMPILED	FUN_1000cfc0	1000cfc0	48	false	false	
DECOMPILED	FUN_1000cff0	1000cff0	73	false	false	
DECOMPILED	FUN_1000d040	1000d040	39	false	false	
DECOMPILED	FUN_1000d070	1000d070	57	false	false	
DECOMPILED	FUN_1000d0b0	1000d0b0	312	false	false	
DECOMPILED	FUN_1000d1f0	1000d1f0	57	false	false	
DECOMPILED	FUN_1000d230	1000d230	46	false	false	
DECOMPILED	FUN_1000d260	1000d260	40	false	false	
DECOMPILED	FUN_1000d290	1000d290	116	false	false	
DECOMPILED	FUN_1000d310	1000d310	98	false	false	
DECOMPILED	FUN_1000d380	1000d380	81	false	false	
DECOMPILED	FUN_1000d3e0	1000d3e0	104	false	false	
DECOMPILED	FUN_1000d450	1000d450	38	false	false	
DECOMPILED	FUN_1000d480	1000d480	38	false	false	
DECOMPILED	FUN_1000d4b0	1000d4b0	117	false	false	
DECOMPILED	FUN_1000d530	1000d530	176	false	false	
DECOMPILED	FUN_1000d5e0	1000d5e0	345	false	false	
DECOMPILED	FUN_1000d740	1000d740	512	false	false	
DECOMPILED	FUN_1000d970	1000d970	2160	false	false	
DECOMPILED	FUN_1000e260	1000e260	427	false	false	
DECOMPILED	FUN_1000e410	1000e410	43	false	false	
DECOMPILED	FUN_1000e440	1000e440	294	false	false	
DECOMPILED	FUN_1000e570	1000e570	430	false	false	
DECOMPILED	FUN_1000e720	1000e720	13	false	false	
DECOMPILED	FUN_1000e730	1000e730	235	false	false	
DECOMPILED	FUN_1000e820	1000e820	77	false	false	
DECOMPILED	thunk_FUN_10003570	1000e870	5	true	false	
DECOMPILED	FUN_1000e880	1000e880	5	false	false	
DECOMPILED	FUN_1000e890	1000e890	1	false	false	
DECOMPILED	FUN_1000e8a0	1000e8a0	87	false	false	
DECOMPILED	FUN_1000e900	1000e900	38	false	false	
DECOMPILED	FUN_1000e930	1000e930	440	false	false	
DECOMPILED	FUN_1000eaf0	1000eaf0	43	false	false	
DECOMPILED	FUN_1000eb20	1000eb20	42	false	false	
DECOMPILED	FUN_1000eb50	1000eb50	12	false	false	
DECOMPILED	FUN_1000eb60	1000eb60	137	false	false	
DECOMPILED	FUN_1000ebf0	1000ebf0	113	false	false	
DECOMPILED	FUN_1000ec70	1000ec70	154	false	false	
DECOMPILED	FUN_1000ed10	1000ed10	28	false	false	
DECOMPILED	FUN_1000ed30	1000ed30	244	false	false	
DECOMPILED	FUN_1000ee30	1000ee30	12	false	false	
DECOMPILED	FUN_1000ee40	1000ee40	309	false	false	
DECOMPILED	FUN_1000ef80	1000ef80	103	false	false	
DECOMPILED	FUN_1000eff0	1000eff0	368	false	false	
DECOMPILED	FUN_1000f160	1000f160	90	false	false	
DECOMPILED	FUN_1000f1c0	1000f1c0	302	false	false	
DECOMPILED	FUN_1000f2f0	1000f2f0	235	false	false	
DECOMPILED	FUN_1000f3e0	1000f3e0	439	false	false	
DECOMPILED	FUN_1000f5a0	1000f5a0	548	false	false	
DECOMPILED	FUN_1000f7f0	1000f7f0	460	false	false	
DECOMPILED	FUN_1000f9c0	1000f9c0	136	false	false	
DECOMPILED	FUN_1000fa50	1000fa50	24	false	false	
DECOMPILED	FUN_1000fa70	1000fa70	704	false	false	
DECOMPILED	FUN_1000fd30	1000fd30	338	false	false	
DECOMPILED	FUN_1000fe90	1000fe90	428	false	false	
DECOMPILED	FUN_10010040	10010040	496	false	false	
DECOMPILED	FUN_10010230	10010230	393	false	false	
DECOMPILED	FUN_100103c0	100103c0	598	false	false	
DECOMPILED	FUN_10010620	10010620	499	false	false	
DECOMPILED	FUN_10010820	10010820	356	false	false	
DECOMPILED	FUN_10010990	10010990	40	false	false	
DECOMPILED	FUN_100109c0	100109c0	233	false	false	
DECOMPILED	FUN_10010ab0	10010ab0	194	false	false	
DECOMPILED	FUN_10010b80	10010b80	33	false	false	
DECOMPILED	FUN_10010bb0	10010bb0	2195	false	false	
DECOMPILED	FUN_10011450	10011450	34	false	false	
DECOMPILED	FUN_10011480	10011480	14	false	false	
DECOMPILED	FUN_10011490	10011490	135	false	false	
DECOMPILED	FUN_10011520	10011520	276	false	false	
DECOMPILED	FUN_10011640	10011640	632	false	false	
DECOMPILED	FUN_100118c0	100118c0	286	false	false	
DECOMPILED	FUN_100119e0	100119e0	153	false	false	
DECOMPILED	FUN_10011a80	10011a80	581	false	false	
DECOMPILED	FUN_10011cd0	10011cd0	102	false	false	
DECOMPILED	FUN_10011d40	10011d40	51	false	false	
DECOMPILED	FUN_10011d80	10011d80	62	false	false	
DECOMPILED	FUN_10011dc0	10011dc0	183	false	false	
DECOMPILED	FUN_10011e80	10011e80	240	false	false	
DECOMPILED	FUN_10011f70	10011f70	37	false	false	
DECOMPILED	FUN_10011fa0	10011fa0	62	false	false	
DECOMPILED	FUN_10011fe0	10011fe0	73	false	false	
DECOMPILED	FUN_10012030	10012030	269	false	false	
DECOMPILED	FUN_10012140	10012140	196	false	false	
DECOMPILED	FUN_10012210	10012210	392	false	false	
DECOMPILED	FUN_100123a0	100123a0	172	false	false	
DECOMPILED	FUN_10012450	10012450	41	false	false	
DECOMPILED	FUN_10012480	10012480	65	false	false	
DECOMPILED	FUN_100124d0	100124d0	162	false	false	
DECOMPILED	FUN_10012580	10012580	172	false	false	
DECOMPILED	FUN_10012630	10012630	139	false	false	
DECOMPILED	FUN_100126c0	100126c0	99	false	false	
DECOMPILED	FUN_10012730	10012730	453	false	false	
DECOMPILED	FUN_10012900	10012900	92	false	false	
DECOMPILED	FUN_10012960	10012960	142	false	false	
DECOMPILED	FUN_100129f0	100129f0	1600	false	false	
DECOMPILED	FUN_10013030	10013030	675	false	false	
DECOMPILED	FUN_100132e0	100132e0	50	false	false	
DECOMPILED	FUN_10013320	10013320	88	false	false	
DECOMPILED	FUN_10013380	10013380	490	false	false	
DECOMPILED	FUN_10013570	10013570	483	false	false	
DECOMPILED	FUN_10013760	10013760	61	false	false	
DECOMPILED	FUN_100137a0	100137a0	75	false	false	
DECOMPILED	FUN_100137f0	100137f0	45	false	false	
DECOMPILED	FUN_10013820	10013820	247	false	false	
DECOMPILED	FUN_10013920	10013920	78	false	false	
DECOMPILED	FUN_10013970	10013970	193	false	false	
DECOMPILED	FUN_10013a40	10013a40	369	false	false	
DECOMPILED	FUN_10013bc0	10013bc0	304	false	false	
DECOMPILED	FUN_10013cf0	10013cf0	48	false	false	
DECOMPILED	FUN_10013d20	10013d20	259	false	false	
DECOMPILED	FUN_10013e30	10013e30	163	false	false	
DECOMPILED	FUN_10013ee0	10013ee0	470	false	false	
DECOMPILED	FUN_100140c0	100140c0	587	false	false	
DECOMPILED	FUN_10014310	10014310	500	false	false	
DECOMPILED	FUN_10014510	10014510	725	false	false	
DECOMPILED	FUN_100147f0	100147f0	437	false	false	
DECOMPILED	FUN_100149b0	100149b0	527	false	false	
DECOMPILED	FUN_10014bc0	10014bc0	26	false	false	
DECOMPILED	FUN_10014be0	10014be0	233	false	false	
DECOMPILED	FUN_10014cd0	10014cd0	268	false	false	
DECOMPILED	FUN_10014de0	10014de0	46	false	false	
DECOMPILED	FUN_10014e10	10014e10	22	false	false	
DECOMPILED	FUN_10014e30	10014e30	62	false	false	
DECOMPILED	FUN_10014e70	10014e70	88	false	false	
DECOMPILED	FUN_10014ed0	10014ed0	102	false	false	
DECOMPILED	FUN_10014f40	10014f40	45	false	false	
DECOMPILED	FUN_10014f70	10014f70	24	false	false	
DECOMPILED	FUN_10014f90	10014f90	372	false	false	
DECOMPILED	FUN_10015110	10015110	190	false	false	
DECOMPILED	FUN_100151d0	100151d0	334	false	false	
DECOMPILED	FUN_10015320	10015320	67	false	false	
DECOMPILED	FUN_10015370	10015370	503	false	false	
DECOMPILED	FUN_10015570	10015570	18	false	false	
DECOMPILED	FUN_10015590	10015590	68	false	false	
DECOMPILED	FUN_100155e0	100155e0	53	false	false	
DECOMPILED	FUN_10015620	10015620	68	false	false	
DECOMPILED	FUN_10015670	10015670	107	false	false	
DECOMPILED	FUN_100156e0	100156e0	47	false	false	
DECOMPILED	FUN_10015710	10015710	157	false	false	
DECOMPILED	FUN_100157b0	100157b0	923	false	false	
DECOMPILED	FUN_10015b50	10015b50	254	false	false	
DECOMPILED	FUN_10015f40	10015f40	34	false	false	
DECOMPILED	FUN_10016490	10016490	54	false	false	
DECOMPILED	FUN_100164d0	100164d0	45	false	false	
DECOMPILED	FUN_10016500	10016500	12	false	false	
DECOMPILED	VT_TextToFile_ENG	10016510	511	false	false	
DECOMPILED	VT_TextToBuffer_ENG	10016740	300	false	false	
DECOMPILED	VT_TextToPreprocessInfoFile_ENG	10016880	59	false	false	
DECOMPILED	VT_TextToPcmBuffer_ProgressBar_ENG	100168c0	79	false	false	
DECOMPILED	VT_TextToPcmBuffer_LipSync_ENG	10016910	74	false	false	
DECOMPILED	VT_TextToBufferEX_ENG	10016960	97	false	false	
DECOMPILED	VT_TextToLipSyncLog_ENG	100169d0	54	false	false	
DECOMPILED	VT_VerifyTTS_ENG	10016a10	29	false	false	
DECOMPILED	VT_GetDefUserDictAbsoluteName_ENG	10016a30	11	false	false	
DECOMPILED	VT_GetDefUserDictRelativeName_ENG	10016a40	11	false	false	
DECOMPILED	FUN_10016a50	10016a50	352	false	false	
DECOMPILED	FUN_10016bb0	10016bb0	68	false	false	
DECOMPILED	FUN_10016c00	10016c00	449	false	false	
DECOMPILED	FUN_10016dd0	10016dd0	389	false	false	
DECOMPILED	FUN_10016f60	10016f60	471	false	false	
DECOMPILED	FUN_10017140	10017140	471	false	false	
DECOMPILED	FUN_10017320	10017320	56	false	false	
DECOMPILED	FUN_10017360	10017360	59	false	false	
DECOMPILED	FUN_100173a0	100173a0	56	false	false	
DECOMPILED	FUN_100173e0	100173e0	56	false	false	
DECOMPILED	FUN_10017420	10017420	847	false	false	
DECOMPILED	FUN_10017820	10017820	440	false	false	
DECOMPILED	FUN_100179e0	100179e0	737	false	false	
DECOMPILED	FUN_10017ce0	10017ce0	685	false	false	
DECOMPILED	FUN_100180f0	100180f0	1383	false	false	
DECOMPILED	FUN_10018710	10018710	1092	false	false	
DECOMPILED	FUN_10018b60	10018b60	61	false	false	
DECOMPILED	FUN_10018ba0	10018ba0	951	false	false	
DECOMPILED	FUN_10018f60	10018f60	1147	false	false	
DECOMPILED	FUN_100193e0	100193e0	1147	false	false	
DECOMPILED	FUN_10019860	10019860	1087	false	false	
DECOMPILED	FUN_10019ca0	10019ca0	1011	false	false	
DECOMPILED	FUN_1001a0a0	1001a0a0	958	false	false	
DECOMPILED	FUN_1001a460	1001a460	119	false	false	
DECOMPILED	FUN_1001a4e0	1001a4e0	263	false	false	
DECOMPILED	FUN_1001a5f0	1001a5f0	806	false	false	
DECOMPILED	FUN_1001a920	1001a920	114	false	false	
DECOMPILED	FUN_1001a9a0	1001a9a0	41	false	false	
DECOMPILED	FUN_1001a9d0	1001a9d0	1633	false	false	
DECOMPILED	FUN_1001b040	1001b040	311	false	false	
DECOMPILED	FUN_1001b180	1001b180	238	false	false	
DECOMPILED	FUN_1001b270	1001b270	81	false	false	
DECOMPILED	FUN_1001b2d0	1001b2d0	224	false	false	
DECOMPILED	FUN_1001b3b0	1001b3b0	333	false	false	
DECOMPILED	FUN_1001b500	1001b500	26	false	false	
DECOMPILED	FUN_1001b520	1001b520	79	false	false	
DECOMPILED	FUN_1001b570	1001b570	95	false	false	
DECOMPILED	FUN_1001b5d0	1001b5d0	545	false	false	
DECOMPILED	FUN_1001b800	1001b800	1209	false	false	
DECOMPILED	FUN_1001bcc0	1001bcc0	453	false	false	
DECOMPILED	FUN_1001be90	1001be90	203	false	false	
DECOMPILED	FUN_1001bf60	1001bf60	397	false	false	
DECOMPILED	FUN_1001c100	1001c100	128	false	false	
DECOMPILED	FUN_1001c180	1001c180	693	false	false	
DECOMPILED	FUN_1001c440	1001c440	757	false	false	
DECOMPILED	FUN_1001c740	1001c740	277	false	false	
DECOMPILED	FUN_1001c860	1001c860	1279	false	false	
DECOMPILED	FUN_1001cd60	1001cd60	585	false	false	
DECOMPILED	FUN_1001cfb0	1001cfb0	55	false	false	
DECOMPILED	FUN_1001cff0	1001cff0	1251	false	false	
DECOMPILED	FUN_1001d4e0	1001d4e0	74	false	false	
DECOMPILED	FUN_1001d530	1001d530	130	false	false	
DECOMPILED	FUN_1001d5c0	1001d5c0	48	false	false	
DECOMPILED	FUN_1001d5f0	1001d5f0	256	false	false	
DECOMPILED	FUN_1001d6f0	1001d6f0	198	false	false	
DECOMPILED	FUN_1001d7c0	1001d7c0	248	false	false	
DECOMPILED	FUN_1001d8c0	1001d8c0	319	false	false	
DECOMPILED	FUN_1001da00	1001da00	116	false	false	
DECOMPILED	FUN_1001da80	1001da80	1320	false	false	
DECOMPILED	FUN_1001dfb0	1001dfb0	349	false	false	
DECOMPILED	FUN_1001e110	1001e110	465	false	false	
DECOMPILED	FUN_1001e2f0	1001e2f0	369	false	false	
DECOMPILED	FUN_1001e470	1001e470	2538	false	false	
DECOMPILED	FUN_1001ee60	1001ee60	90	false	false	
DECOMPILED	FUN_1001eec0	1001eec0	114	false	false	
DECOMPILED	FUN_1001ef40	1001ef40	68	false	false	
DECOMPILED	FUN_1001ef90	1001ef90	57	false	false	
DECOMPILED	FUN_1001efd0	1001efd0	6	false	false	
DECOMPILED	FUN_1001efe0	1001efe0	200	false	false	
DECOMPILED	FUN_1001f0b0	1001f0b0	1118	false	false	
DECOMPILED	FUN_1001f510	1001f510	13	false	false	
DECOMPILED	FUN_1001f520	1001f520	33	false	false	
DECOMPILED	FUN_1001f550	1001f550	30	false	false	
DECOMPILED	FUN_1001f570	1001f570	45	false	false	
DECOMPILED	FUN_1001f5a0	1001f5a0	98	false	false	
DECOMPILED	FUN_1001f610	1001f610	79	false	false	
DECOMPILED	FUN_1001f660	1001f660	98	false	false	
DECOMPILED	FUN_1001f6d0	1001f6d0	48	false	false	
DECOMPILED	FUN_1001f700	1001f700	98	false	false	
DECOMPILED	FUN_1001f770	1001f770	145	false	false	
DECOMPILED	FUN_1001f810	1001f810	90	false	false	
DECOMPILED	FUN_1001f870	1001f870	29	false	false	
DECOMPILED	FUN_1001f890	1001f890	26	false	false	
DECOMPILED	FUN_1001f8b0	1001f8b0	3	false	false	
DECOMPILED	FUN_1001f8c0	1001f8c0	138	false	false	
DECOMPILED	FUN_1001f950	1001f950	146	false	false	
DECOMPILED	FUN_1001f9f0	1001f9f0	670	false	false	
DECOMPILED	VT_AllocSyncInfo_ENG	1001fc90	134	false	false	
DECOMPILED	VT_FreeSyncInfo_ENG	1001fd20	80	false	false	
DECOMPILED	VT_InitSyncInfo_ENG	1001fd70	158	false	false	
DECOMPILED	VT_CopySyncInfo_ENG	1001fe10	266	false	false	
DECOMPILED	VT_AllocSyncInfo_New_ENG	1001ff20	139	false	false	
DECOMPILED	VT_FreeSyncInfo_New_ENG	1001ffb0	81	false	false	
DECOMPILED	VT_InitSyncInfo_New_ENG	10020010	172	false	false	
DECOMPILED	VT_CopySyncInfo_New_ENG	100200c0	284	false	false	
DECOMPILED	FUN_100201e0	100201e0	262	false	false	
DECOMPILED	FUN_100202f0	100202f0	358	false	false	
DECOMPILED	FUN_10020460	10020460	161	false	false	
DECOMPILED	FUN_10020510	10020510	568	false	false	
DECOMPILED	FUN_10020750	10020750	103	false	false	
DECOMPILED	FUN_100207c0	100207c0	415	false	false	
DECOMPILED	FUN_10020960	10020960	745	false	false	
DECOMPILED	VT_PAUSETTS_ENG	10020c50	17	false	false	
DECOMPILED	VT_RESTARTTTS_ENG	10020c70	17	false	false	
DECOMPILED	VT_PLAYTTS_ENG	10020c90	406	false	false	
DECOMPILED	FUN_10020e30	10020e30	17	false	false	
DECOMPILED	FUN_10021080	10021080	133	false	false	
DECOMPILED	VT_STOPTTS_ENG	10021110	290	false	false	
DECOMPILED	FUN_10021240	10021240	67	false	false	
DECOMPILED	FUN_10021290	10021290	74	false	false	
DECOMPILED	FUN_100212e0	100212e0	273	false	false	
DECOMPILED	VT_LOAD_UserDict_ENG	10021400	189	false	false	
DECOMPILED	VT_UNLOAD_UserDict_ENG	100214c0	99	false	false	
DECOMPILED	FUN_10021530	10021530	64	false	false	
DECOMPILED	VT_LOADTTS_ENG	10021570	795	false	false	
DECOMPILED	VT_UNLOADTTS_ENG	10021890	219	false	false	
DECOMPILED	FUN_10021970	10021970	46	false	false	
DECOMPILED	VT_SetPitchSpeedVolumePause_ENG	100219a0	233	false	false	
DECOMPILED	VT_GetPitchSpeedVolumePause_ENG	10021a90	105	false	false	
DECOMPILED	VT_GetSpeakerName_ENG	10021b00	33	false	false	
DECOMPILED	VT_GetDefVersion_ENG	10021b30	165	false	false	
DECOMPILED	VT_SetTextTypeForHighlight_ENG	10021be0	38	false	false	
DECOMPILED	VT_SetParenthesisCharNumber_ENG	10021c10	41	false	false	
DECOMPILED	VT_SetUnitSelectHistoryMode_ENG	10021c40	30	false	false	
DECOMPILED	FUN_10021c60	10021c60	71	false	false	
DECOMPILED	FUN_10021cb0	10021cb0	456	false	false	
DECOMPILED	FUN_10021e80	10021e80	138	false	false	
DECOMPILED	FUN_10021f10	10021f10	245	false	false	
DECOMPILED	FUN_10022010	10022010	576	false	false	
DECOMPILED	FUN_10022250	10022250	33	false	false	
DECOMPILED	FUN_10022280	10022280	241	false	false	
DECOMPILED	FUN_10022380	10022380	85	false	false	
DECOMPILED	FUN_100223e0	100223e0	53	false	false	
DECOMPILED	FUN_10022430	10022430	299	false	false	
DECOMPILED	FUN_10022560	10022560	425	false	false	
DECOMPILED	FUN_10022710	10022710	251	false	false	
DECOMPILED	FUN_10022810	10022810	96	false	false	
DECOMPILED	FUN_10022870	10022870	207	false	false	
DECOMPILED	FUN_10022940	10022940	156	false	false	
DECOMPILED	FUN_100229e0	100229e0	54	false	false	
DECOMPILED	FUN_10022a20	10022a20	78	false	false	
DECOMPILED	FUN_10022a70	10022a70	57	false	false	
DECOMPILED	FUN_10022ab0	10022ab0	69	false	false	
DECOMPILED	FUN_10022b00	10022b00	138	false	false	
DECOMPILED	VT_CheckUserDict_TargetNorm_ENG	10022b90	43	false	false	
DECOMPILED	VT_CheckUserDict_TargetPhon_ENG	10022bc0	43	false	false	
DECOMPILED	VT_GetUserDictLimit_ENG	10022bf0	49	false	false	
DECOMPILED	VT_GetTTSInfo_ENG	10022c40	698	false	false	
DECOMPILED	FUN_10022f60	10022f60	104	false	false	
DECOMPILED	FUN_10022fd0	10022fd0	760	false	false	
DECOMPILED	FUN_100232d0	100232d0	927	false	false	
DECOMPILED	FUN_10023670	10023670	918	false	false	
DECOMPILED	FUN_10023a10	10023a10	300	false	false	
DECOMPILED	FUN_10023b40	10023b40	564	false	false	
DECOMPILED	FUN_10023d80	10023d80	1755	false	false	
DECOMPILED	FUN_10024460	10024460	181	false	false	
DECOMPILED	FUN_10024520	10024520	190	false	false	
DECOMPILED	FUN_100245e0	100245e0	116	false	false	
DECOMPILED	FUN_10024660	10024660	28	false	false	
DECOMPILED	FUN_10024680	10024680	143	false	false	
DECOMPILED	FUN_10024710	10024710	318	false	false	
DECOMPILED	FUN_10024850	10024850	117	false	false	
DECOMPILED	FUN_100248d0	100248d0	31	false	false	
DECOMPILED	FUN_100248f0	100248f0	563	false	false	
DECOMPILED	FUN_10024b30	10024b30	93	false	false	
DECOMPILED	FUN_10024b90	10024b90	415	false	false	
DECOMPILED	FUN_10024d30	10024d30	16	false	false	
DECOMPILED	FUN_10024d40	10024d40	136	false	false	
DECOMPILED	FUN_10024dd0	10024dd0	172	false	false	
DECOMPILED	FUN_10024e80	10024e80	44	false	false	
DECOMPILED	FUN_10024ed0	10024ed0	149	false	false	
DECOMPILED	FUN_10024f70	10024f70	18	false	false	
DECOMPILED	FUN_10024f90	10024f90	78	false	false	
DECOMPILED	FUN_10024fe0	10024fe0	125	false	false	
DECOMPILED	FUN_10025060	10025060	45	false	false	
DECOMPILED	FUN_10025090	10025090	43	false	false	
DECOMPILED	FUN_100250c0	100250c0	43	false	false	
DECOMPILED	FUN_100250f0	100250f0	235	false	false	
DECOMPILED	FUN_10025400	10025400	294	false	false	
DECOMPILED	FUN_10025530	10025530	124	false	false	
DECOMPILED	FUN_100255b0	100255b0	258	false	false	
DECOMPILED	FUN_100256c0	100256c0	210	false	false	
DECOMPILED	FUN_100257a0	100257a0	244	false	false	
DECOMPILED	FUN_100258a0	100258a0	244	false	false	
DECOMPILED	FUN_100259a0	100259a0	352	false	false	
DECOMPILED	FUN_10026f50	10026f50	104	false	false	
DECOMPILED	FUN_10028de0	10028de0	706	false	false	
DECOMPILED	FUN_1002b1e0	1002b1e0	324	false	false	
DECOMPILED	FUN_1002b330	1002b330	454	false	false	
DECOMPILED	FUN_1002b500	1002b500	1	false	false	
DECOMPILED	FUN_1002b510	1002b510	390	false	false	
DECOMPILED	FUN_1002b6a0	1002b6a0	157	false	false	
DECOMPILED	FUN_1002b740	1002b740	450	false	false	
DECOMPILED	FUN_1002b910	1002b910	677	false	false	
DECOMPILED	FUN_1002bc60	1002bc60	40	false	false	
DECOMPILED	FUN_1002bc90	1002bc90	32	false	false	
DECOMPILED	FUN_1002bcb0	1002bcb0	73	false	false	
DECOMPILED	FUN_1002bd00	1002bd00	98	false	false	
DECOMPILED	FUN_1002bd70	1002bd70	42	false	false	
DECOMPILED	FUN_1002bda0	1002bda0	36	false	false	
DECOMPILED	FUN_1002bdd0	1002bdd0	68	false	false	
DECOMPILED	FUN_1002be20	1002be20	16	false	false	
DECOMPILED	FUN_1002be30	1002be30	98	false	false	
DECOMPILED	FUN_1002bea0	1002bea0	268	false	false	
DECOMPILED	FUN_1002bfb0	1002bfb0	94	false	false	
DECOMPILED	FUN_1002c010	1002c010	532	false	false	
DECOMPILED	FUN_1002c280	1002c280	126	false	false	
DECOMPILED	FUN_1002c320	1002c320	452	false	false	
DECOMPILED	FUN_1002c4f0	1002c4f0	1714	false	false	
DECOMPILED	FUN_1002cbb0	1002cbb0	1213	false	false	
DECOMPILED	FUN_1002d070	1002d070	3209	false	false	
DECOMPILED	FUN_1002dd00	1002dd00	784	false	false	
DECOMPILED	FUN_1002e010	1002e010	4583	false	false	
DECOMPILED	FUN_1002f200	1002f200	1422	false	false	
DECOMPILED	FUN_1002f790	1002f790	1722	false	false	
DECOMPILED	FUN_1002fe50	1002fe50	2277	false	false	
DECOMPILED	FUN_10030740	10030740	138	false	false	
DECOMPILED	FUN_100307d0	100307d0	204	false	false	
DECOMPILED	FUN_100308a0	100308a0	41	false	false	
DECOMPILED	FUN_100308d0	100308d0	184	false	false	
DECOMPILED	FUN_10030990	10030990	715	false	false	
DECOMPILED	FUN_10030c60	10030c60	2640	false	false	
DECOMPILED	FUN_100316b0	100316b0	553	false	false	
DECOMPILED	FUN_100318e0	100318e0	99	false	false	
DECOMPILED	FUN_10031950	10031950	109	false	false	
DECOMPILED	FUN_100319c0	100319c0	63	false	false	
DECOMPILED	FUN_10031a00	10031a00	3292	false	false	
DECOMPILED	FUN_100326e0	100326e0	2071	false	false	
DECOMPILED	FUN_10032f00	10032f00	401	false	false	
DECOMPILED	FUN_100330a0	100330a0	2684	false	false	
DECOMPILED	FUN_10033b20	10033b20	932	false	false	
DECOMPILED	FUN_10033ef0	10033ef0	395	false	false	
DECOMPILED	FUN_100340b0	100340b0	711	false	false	
DECOMPILED	FUN_100343d0	100343d0	203	false	false	
DECOMPILED	FUN_100344a0	100344a0	4375	false	false	
DECOMPILED	FUN_100355c0	100355c0	1103	false	false	
DECOMPILED	FUN_10035a10	10035a10	796	false	false	
DECOMPILED	FUN_10035d30	10035d30	18352	false	false	
DECOMPILED	FUN_1003a4e0	1003a4e0	193	false	false	
DECOMPILED	FUN_1003a5b0	1003a5b0	173	false	false	
DECOMPILED	FUN_1003a660	1003a660	188	false	false	
DECOMPILED	FUN_1003a720	1003a720	157	false	false	
DECOMPILED	FUN_1003a7c0	1003a7c0	101	false	false	
DECOMPILED	FUN_1003a830	1003a830	244	false	false	
DECOMPILED	FUN_1003a930	1003a930	265	false	false	
DECOMPILED	FUN_1003aa40	1003aa40	717	false	false	
DECOMPILED	FUN_1003ad10	1003ad10	172	false	false	
DECOMPILED	FUN_1003adc0	1003adc0	1185	false	false	
DECOMPILED	FUN_1003b270	1003b270	507	false	false	
DECOMPILED	FUN_1003b470	1003b470	730	false	false	
DECOMPILED	FUN_1003b750	1003b750	1533	false	false	
DECOMPILED	FUN_1003bd50	1003bd50	1389	false	false	
DECOMPILED	FUN_1003c2c0	1003c2c0	216	false	false	
DECOMPILED	FUN_1003c3a0	1003c3a0	1278	false	false	
DECOMPILED	FUN_1003c8a0	1003c8a0	525	false	false	
DECOMPILED	FUN_1003cab0	1003cab0	507	false	false	
DECOMPILED	FUN_1003ccb0	1003ccb0	146	false	false	
DECOMPILED	FUN_1003cd50	1003cd50	63	false	false	
DECOMPILED	FUN_1003cd90	1003cd90	738	false	false	
DECOMPILED	FUN_1003d080	1003d080	56	false	false	
DECOMPILED	FUN_1003d0c0	1003d0c0	55	false	false	
DECOMPILED	FUN_1003d100	1003d100	53	false	false	
DECOMPILED	FUN_1003d140	1003d140	39	false	false	
DECOMPILED	FUN_1003d170	1003d170	39	false	false	
DECOMPILED	FUN_1003d1a0	1003d1a0	16	false	false	
DECOMPILED	FUN_1003d1b0	1003d1b0	52	false	false	
DECOMPILED	FUN_1003d1f0	1003d1f0	16	false	false	
DECOMPILED	FUN_1003d200	1003d200	7981	false	false	
DECOMPILED	FUN_1003f130	1003f130	51	false	false	
DECOMPILED	FUN_1003f170	1003f170	140	false	false	
DECOMPILED	FUN_1003f200	1003f200	270	false	false	
DECOMPILED	FUN_1003f310	1003f310	250	false	false	
DECOMPILED	FUN_1003f410	1003f410	1655	false	false	
DECOMPILED	FUN_1003fa90	1003fa90	3783	false	false	
DECOMPILED	FUN_10040960	10040960	482	false	false	
DECOMPILED	FUN_10040b50	10040b50	8223	false	false	
DECOMPILED	FUN_10042b70	10042b70	1984	false	false	
DECOMPILED	FUN_10043330	10043330	6644	false	false	
DECOMPILED	FUN_10044d30	10044d30	706	false	false	
DECOMPILED	FUN_10045000	10045000	1396	false	false	
DECOMPILED	FUN_10045610	10045610	93	false	false	
DECOMPILED	FUN_10045670	10045670	89	false	false	
DECOMPILED	FUN_100456d0	100456d0	89	false	false	
DECOMPILED	FUN_10045730	10045730	80	false	false	
DECOMPILED	FUN_10045780	10045780	89	false	false	
DECOMPILED	FUN_100457e0	100457e0	310	false	false	
DECOMPILED	FUN_10045920	10045920	1137	false	false	
DECOMPILED	FUN_10045da0	10045da0	1886	false	false	
DECOMPILED	FUN_100465c0	100465c0	172	false	false	
DECOMPILED	FUN_10046670	10046670	172	false	false	
DECOMPILED	FUN_10046720	10046720	172	false	false	
DECOMPILED	FUN_100467d0	100467d0	103	false	false	
DECOMPILED	FUN_10046840	10046840	187	false	false	
DECOMPILED	FUN_10046900	10046900	474	false	false	
DECOMPILED	FUN_10046b10	10046b10	896	false	false	
DECOMPILED	FUN_10046e90	10046e90	481	false	false	
DECOMPILED	FUN_10047080	10047080	64	false	false	
DECOMPILED	FUN_100470c0	100470c0	262	false	false	
DECOMPILED	FUN_100471d0	100471d0	900	false	false	
DECOMPILED	FUN_10047560	10047560	669	false	false	
DECOMPILED	FUN_10047800	10047800	180	false	false	
DECOMPILED	FUN_100478c0	100478c0	40	false	false	
DECOMPILED	FUN_100478f0	100478f0	83	false	false	
DECOMPILED	FUN_10047950	10047950	78	false	false	
DECOMPILED	FUN_100479a0	100479a0	34	false	false	
DECOMPILED	FUN_100479d0	100479d0	444	false	false	
DECOMPILED	FUN_10047b90	10047b90	293	false	false	
DECOMPILED	FUN_10047cc0	10047cc0	313	false	false	
DECOMPILED	FUN_10047e00	10047e00	232	false	false	
DECOMPILED	FUN_10047ef0	10047ef0	256	false	false	
DECOMPILED	FUN_10047ff0	10047ff0	739	false	false	
DECOMPILED	FUN_100482e0	100482e0	213	false	false	
DECOMPILED	FUN_100483c0	100483c0	79	false	false	
DECOMPILED	FUN_10048410	10048410	92	false	false	
DECOMPILED	FUN_10048470	10048470	71	false	false	
DECOMPILED	FUN_100484c0	100484c0	43	false	false	
DECOMPILED	FUN_100484f0	100484f0	66	false	false	
DECOMPILED	FUN_10048540	10048540	663	false	false	
DECOMPILED	FUN_100487e0	100487e0	194	false	false	
DECOMPILED	FUN_100488b0	100488b0	416	false	false	
DECOMPILED	FUN_10048a50	10048a50	180	false	false	
DECOMPILED	FUN_10048b10	10048b10	92	false	false	
DECOMPILED	FUN_10048b70	10048b70	249	false	false	
DECOMPILED	FUN_10048c70	10048c70	29	false	false	
DECOMPILED	FUN_10048c90	10048c90	136	false	false	
DECOMPILED	FUN_10048d20	10048d20	155	false	false	
DECOMPILED	FUN_10048dc0	10048dc0	641	false	false	
DECOMPILED	FUN_10049050	10049050	849	false	false	
DECOMPILED	FUN_100493b0	100493b0	679	false	false	
DECOMPILED	FUN_10049660	10049660	141	false	false	
DECOMPILED	FUN_100496f0	100496f0	169	false	false	
DECOMPILED	FUN_100497a0	100497a0	141	false	false	
DECOMPILED	FUN_10049830	10049830	409	false	false	
DECOMPILED	FUN_100499d0	100499d0	297	false	false	
DECOMPILED	FUN_10049b00	10049b00	141	false	false	
DECOMPILED	FUN_10049b90	10049b90	141	false	false	
DECOMPILED	FUN_10049c20	10049c20	169	false	false	
DECOMPILED	FUN_10049cd0	10049cd0	244	false	false	
DECOMPILED	FUN_10049dd0	10049dd0	141	false	false	
DECOMPILED	FUN_10049e60	10049e60	141	false	false	
DECOMPILED	FUN_10049ef0	10049ef0	219	false	false	
DECOMPILED	FUN_10049fd0	10049fd0	220	false	false	
DECOMPILED	FUN_1004a0b0	1004a0b0	723	false	false	
DECOMPILED	FUN_1004a390	1004a390	1884	false	false	
DECOMPILED	FUN_1004aaf0	1004aaf0	512	false	false	
DECOMPILED	FUN_1004acf0	1004acf0	2454	false	false	
DECOMPILED	FUN_1004b690	1004b690	2500	false	false	
DECOMPILED	FUN_1004c060	1004c060	856	false	false	
DECOMPILED	FUN_1004c3c0	1004c3c0	354	false	false	
DECOMPILED	FUN_1004c530	1004c530	5327	false	false	
DECOMPILED	FUN_1004da00	1004da00	2409	false	false	
DECOMPILED	FUN_1004e370	1004e370	1166	false	false	
DECOMPILED	FUN_1004e800	1004e800	761	false	false	
DECOMPILED	FUN_1004eb20	1004eb20	151	false	false	
DECOMPILED	FUN_1004ebc0	1004ebc0	504	false	false	
DECOMPILED	FUN_1004edc0	1004edc0	97	false	false	
DECOMPILED	FUN_1004ee30	1004ee30	650	false	false	
DECOMPILED	FUN_1004f0c0	1004f0c0	4556	false	false	
DECOMPILED	FUN_10050290	10050290	1086	false	false	
DECOMPILED	FUN_100506d0	100506d0	337	false	false	
DECOMPILED	FUN_10050830	10050830	120	false	false	
DECOMPILED	FUN_100508b0	100508b0	393	false	false	
DECOMPILED	FUN_10050a40	10050a40	125	false	false	
DECOMPILED	FUN_10050ac0	10050ac0	241	false	false	
DECOMPILED	FUN_10050bc0	10050bc0	214	false	false	
DECOMPILED	FUN_10050ca0	10050ca0	421	false	false	
DECOMPILED	FUN_10050e50	10050e50	1103	false	false	
DECOMPILED	FUN_100512a0	100512a0	4516	false	false	
DECOMPILED	FUN_10052450	10052450	154	false	false	
DECOMPILED	FUN_100524f0	100524f0	415	false	false	
DECOMPILED	FUN_10052690	10052690	356	false	false	
DECOMPILED	FUN_10052800	10052800	172	false	false	
DECOMPILED	FUN_100528b0	100528b0	5021	false	false	
DECOMPILED	FUN_10053c50	10053c50	1003	false	false	
DECOMPILED	FUN_10054040	10054040	304	false	false	
DECOMPILED	FUN_10054170	10054170	167	false	false	
DECOMPILED	FUN_10054220	10054220	87	false	false	
DECOMPILED	FUN_10054280	10054280	87	false	false	
DECOMPILED	FUN_100542e0	100542e0	105	false	false	
DECOMPILED	FUN_10054350	10054350	200	false	false	
DECOMPILED	FUN_10054420	10054420	141	false	false	
DECOMPILED	FUN_100544b0	100544b0	45	false	false	
DECOMPILED	FUN_100544e0	100544e0	80	false	false	
DECOMPILED	FUN_10054530	10054530	404	false	false	
DECOMPILED	FUN_100546d0	100546d0	41	false	false	
DECOMPILED	FUN_10054700	10054700	198	false	false	
DECOMPILED	FUN_100547d0	100547d0	2166	false	false	
DECOMPILED	FUN_10055050	10055050	588	false	false	
DECOMPILED	FUN_100552a0	100552a0	17	false	false	
DECOMPILED	FUN_100552c0	100552c0	18	false	false	
DECOMPILED	FUN_100552e0	100552e0	2497	false	false	
DECOMPILED	FUN_10055cb0	10055cb0	239	false	false	
DECOMPILED	FUN_10055da0	10055da0	184	false	false	
DECOMPILED	FUN_10055e60	10055e60	574	false	false	
DECOMPILED	FUN_100560a0	100560a0	566	false	false	
DECOMPILED	FUN_100562e0	100562e0	631	false	false	
DECOMPILED	FUN_10056560	10056560	135	false	false	
DECOMPILED	FUN_100565f0	100565f0	125	false	false	
DECOMPILED	FUN_10056670	10056670	287	false	false	
DECOMPILED	FUN_10056790	10056790	250	false	false	
DECOMPILED	FUN_10056890	10056890	238	false	false	
DECOMPILED	FUN_10056980	10056980	59	false	false	
DECOMPILED	FUN_100569c0	100569c0	111	false	false	
DECOMPILED	FUN_10056a30	10056a30	82	false	false	
DECOMPILED	FUN_10056a90	10056a90	75	false	false	
DECOMPILED	FUN_10056ae0	10056ae0	34	false	false	
DECOMPILED	FUN_10056b10	10056b10	125	false	false	
DECOMPILED	FUN_10056b90	10056b90	44	false	false	
DECOMPILED	FUN_10056bc0	10056bc0	51	false	false	
DECOMPILED	FUN_10056c00	10056c00	167	false	false	
DECOMPILED	FUN_10056cb0	10056cb0	73	false	false	
DECOMPILED	FUN_10056d00	10056d00	44	false	false	
DECOMPILED	FUN_10056d30	10056d30	316	false	false	
DECOMPILED	FUN_10056e70	10056e70	45	false	false	
DECOMPILED	FUN_10056ea0	10056ea0	153	false	false	
DECOMPILED	FUN_10056f40	10056f40	244	false	false	
DECOMPILED	FUN_10057040	10057040	252	false	false	
DECOMPILED	FUN_10057140	10057140	80	false	false	
DECOMPILED	FUN_10057190	10057190	41	false	false	
DECOMPILED	FUN_100571c0	100571c0	34	false	false	
DECOMPILED	FUN_100571f0	100571f0	132	false	false	
DECOMPILED	FUN_10057280	10057280	57	false	false	
DECOMPILED	FUN_100572c0	100572c0	47	false	false	
DECOMPILED	FUN_100572f0	100572f0	39	false	false	
DECOMPILED	FUN_10057320	10057320	1141	false	false	
DECOMPILED	FUN_100577a0	100577a0	164	false	false	
DECOMPILED	FUN_10057850	10057850	65	false	false	
DECOMPILED	FUN_100578a0	100578a0	54	false	false	
DECOMPILED	FUN_100578e0	100578e0	68	false	false	
DECOMPILED	FUN_10057930	10057930	97	false	false	
DECOMPILED	FUN_100579a0	100579a0	29	false	false	
DECOMPILED	FUN_100579e0	100579e0	130	false	false	
DECOMPILED	FUN_10057a70	10057a70	55	false	false	
DECOMPILED	FUN_10057ab0	10057ab0	44	false	false	
DECOMPILED	FUN_10057ae0	10057ae0	54	false	false	
DECOMPILED	FUN_10057b20	10057b20	46	false	false	
DECOMPILED	FUN_10057b50	10057b50	49	false	false	
DECOMPILED	FUN_10057b90	10057b90	162	false	false	
DECOMPILED	FUN_10057c40	10057c40	51	false	false	
DECOMPILED	FUN_10057c80	10057c80	96	false	false	
DECOMPILED	FUN_10057d40	10057d40	375	false	false	
DECOMPILED	FUN_10057ec0	10057ec0	87	false	false	
DECOMPILED	FUN_10057f20	10057f20	987	false	false	
DECOMPILED	FUN_10058300	10058300	24	false	false	
DECOMPILED	thunk_FUN_10058340	10058320	5	true	false	
DECOMPILED	thunk_FUN_10058340	10058330	5	true	false	
DECOMPILED	FUN_10058340	10058340	58	false	false	
DECOMPILED	FUN_10058380	10058380	24	false	false	
DECOMPILED	FUN_100583a0	100583a0	306	false	false	
DECOMPILED	FUN_100584e0	100584e0	44	false	false	
DECOMPILED	FUN_10058510	10058510	12	false	false	
DECOMPILED	FUN_10058520	10058520	68	false	false	
DECOMPILED	FUN_10058570	10058570	14	false	false	
DECOMPILED	FUN_10058580	10058580	13	false	false	
DECOMPILED	FUN_10058590	10058590	19	false	false	
DECOMPILED	FUN_100585b0	100585b0	30	false	false	
DECOMPILED	FUN_100585d0	100585d0	29	false	false	
DECOMPILED	FUN_100585f0	100585f0	216	false	false	
DECOMPILED	FUN_100586d0	100586d0	218	false	false	
DECOMPILED	FUN_100587b0	100587b0	24	false	false	
DECOMPILED	FUN_100587d0	100587d0	109	false	false	
DECOMPILED	VT_CsvParser_Init_ENG	10058840	5	true	false	
DECOMPILED	VT_CsvParser_Parsing_ENG	10058850	24	false	false	
DECOMPILED	VT_CsvParser_Exit_ENG	10058870	12	false	false	
DECOMPILED	VT_CsvParser_GetNfields_ENG	10058880	14	false	false	
DECOMPILED	VT_CsvParser_GetField_ENG	10058890	19	false	false	
DECOMPILED	VT_CsvParser_MakeCsv_ENG	100588b0	29	false	false	
DECOMPILED	VT_CsvParser_IsCsv_ENG	100588d0	24	false	false	
DECOMPILED	GetAdaptersInfo	100588f0	6	true	false	
DECOMPILED	FUN_100588f6	100588f6	82	false	false	
DECOMPILED	FUN_10058950	10058950	664	false	false	
DECOMPILED	FUN_10058c90	10058c90	47	false	false	
DECOMPILED	_strncpy	10058cc0	254	false	false	
DECOMPILED	_strcmp	10058dc0	129	false	false	
DECOMPILED	_strchr	10058e60	193	false	false	
DECOMPILED	_strstr	10058f20	128	false	false	
DECOMPILED	FUN_10058fa0	10058fa0	58	false	false	
DECOMPILED	_strncmp	10058fe0	56	false	false	
DECOMPILED	FUN_10059018	10059018	23	false	false	
DECOMPILED	FUN_10059030	10059030	56	false	false	
DECOMPILED	FUN_10059070	10059070	20	false	false	
DECOMPILED	FUN_10059084	10059084	9	false	false	
DECOMPILED	FUN_1005908d	1005908d	170	false	false	
DECOMPILED	__ftol	1005912c	39	false	false	
DECOMPILED	FUN_10059153	10059153	13	false	false	
DECOMPILED	_rand	10059160	34	false	false	
DECOMPILED	FUN_10059182	10059182	517	false	false	
DECOMPILED	FUN_10059387	10059387	23	false	false	
DECOMPILED	FUN_1005939e	1005939e	139	false	false	
DECOMPILED	FUN_10059429	10059429	11	false	false	
DECOMPILED	_malloc	10059434	18	false	false	
DECOMPILED	__nh_malloc	10059446	44	false	false	
DECOMPILED	FUN_10059472	10059472	78	false	false	
DECOMPILED	FUN_100594c0	100594c0	72	false	false	
DECOMPILED	FUN_10059508	10059508	49	false	false	
DECOMPILED	FUN_10059539	10059539	19	false	false	
DECOMPILED	FUN_1005954c	1005954c	49	false	false	
DECOMPILED	__fclose_lk	1005957d	76	false	false	
DECOMPILED	FUN_100595c9	100595c9	34	false	false	
DECOMPILED	FUN_100595eb	100595eb	353	false	false	
DECOMPILED	FUN_1005974c	1005974c	44	false	false	
DECOMPILED	FUN_10059778	10059778	141	false	false	
DECOMPILED	FUN_10059805	10059805	47	false	false	
DECOMPILED	FUN_10059834	10059834	232	false	false	
DECOMPILED	FUN_1005991c	1005991c	47	false	false	
DECOMPILED	FUN_1005994b	1005994b	266	false	false	
DECOMPILED	FUN_10059a55	10059a55	59	false	false	
DECOMPILED	FUN_10059a90	10059a90	115	false	false	
DECOMPILED	FUN_10059b03	10059b03	9	false	false	
DECOMPILED	FUN_10059b0c	10059b0c	9	false	false	
DECOMPILED	FUN_10059b15	10059b15	117	false	false	
DECOMPILED	FUN_10059b8a	10059b8a	87	false	false	
DECOMPILED	FUN_10059bf0	10059bf0	62	false	false	
DECOMPILED	FUN_10059c30	10059c30	62	false	false	
DECOMPILED	_strncat	10059c70	291	false	false	
DECOMPILED	_strrchr	10059da0	39	false	false	
DECOMPILED	FUN_10059dc7	10059dc7	217	false	false	
DECOMPILED	entry	10059ea0	157	false	false	
DECOMPILED	__amsg_exit	10059f3d	48	false	false	
DECOMPILED	FUN_10059f70	10059f70	280	false	false	
DECOMPILED	FUN_1005a088	1005a088	1825	false	false	
DECOMPILED	FUN_1005a7c9	1005a7c9	53	false	false	
DECOMPILED	FUN_1005a7fe	1005a7fe	49	false	false	
DECOMPILED	FUN_1005a82f	1005a82f	56	false	false	
DECOMPILED	FUN_1005a867	1005a867	13	false	false	
DECOMPILED	FUN_1005a874	1005a874	16	false	false	
DECOMPILED	FUN_1005a884	1005a884	14	false	false	
DECOMPILED	FUN_1005a892	1005a892	18	false	false	
DECOMPILED	FUN_1005a8a4	1005a8a4	62	false	false	
DECOMPILED	FUN_1005a8e2	1005a8e2	41	false	false	
DECOMPILED	FUN_1005a90b	1005a90b	90	false	false	
DECOMPILED	__fassign	1005a9cb	62	false	false	
DECOMPILED	FUN_1005aa09	1005aa09	97	false	false	
DECOMPILED	FUN_1005aa6a	1005aa6a	194	false	false	
DECOMPILED	FUN_1005ab2c	1005ab2c	85	false	false	
DECOMPILED	FUN_1005ab81	1005ab81	167	false	false	
DECOMPILED	FUN_1005ac28	1005ac28	147	false	false	
DECOMPILED	__cfltcvt	1005acbb	81	false	false	
DECOMPILED	FUN_1005ad0c	1005ad0c	37	false	false	
DECOMPILED	FUN_1005af10	1005af10	23	false	false	
DECOMPILED	__startOneArgErrorHandling	1005af27	60	false	false	
DECOMPILED	FUN_1005af85	1005af85	23	false	false	
DECOMPILED	FUN_1005af9c	1005af9c	25	false	false	
DECOMPILED	__fload_withFB	1005afb5	67	false	false	
DECOMPILED	FUN_1005aff8	1005aff8	22	false	false	
DECOMPILED	__math_exit	1005b01b	42	false	false	
DECOMPILED	FUN_1005b0fc	1005b0fc	84	false	false	
DECOMPILED	FUN_1005b150	1005b150	30	false	false	
DECOMPILED	FUN_1005b16e	1005b16e	19	false	false	
DECOMPILED	FUN_1005b181	1005b181	103	false	false	
DECOMPILED	FUN_1005b1e8	1005b1e8	160	false	false	
DECOMPILED	FUN_1005b288	1005b288	111	false	false	
DECOMPILED	FUN_1005b2f7	1005b2f7	204	false	false	
DECOMPILED	FUN_1005b404	1005b404	27	false	false	
DECOMPILED	FUN_1005b41f	1005b41f	60	false	false	
DECOMPILED	FUN_1005b45b	1005b45b	117	false	false	
DECOMPILED	FUN_1005b4d0	1005b4d0	41	false	false	
DECOMPILED	FUN_1005b4f9	1005b4f9	108	false	false	
DECOMPILED	FUN_1005b565	1005b565	97	false	false	
DECOMPILED	FUN_1005b5c6	1005b5c6	21	false	false	
DECOMPILED	FUN_1005b5db	1005b5db	62	false	false	
DECOMPILED	FUN_1005b619	1005b619	43	false	false	
DECOMPILED	FUN_1005b644	1005b644	811	false	false	
DECOMPILED	FUN_1005b96f	1005b96f	777	false	false	
DECOMPILED	FUN_1005bc78	1005bc78	177	false	false	
DECOMPILED	FUN_1005bd29	1005bd29	251	false	false	
DECOMPILED	FUN_1005be30	1005be30	664	false	false	
DECOMPILED	FUN_1005c221	1005c221	47	false	false	
DECOMPILED	FUN_1005c250	1005c250	35	false	false	
DECOMPILED	FUN_1005c273	1005c273	47	false	false	
DECOMPILED	FUN_1005c2a2	1005c2a2	35	false	false	
DECOMPILED	FUN_1005c2c5	1005c2c5	368	false	false	
DECOMPILED	FUN_1005c435	1005c435	200	false	false	
DECOMPILED	FUN_1005c4fd	1005c4fd	93	false	false	
DECOMPILED	FUN_1005c55a	1005c55a	131	false	false	
DECOMPILED	__freebuf	1005c5dd	43	false	false	
DECOMPILED	FUN_1005c608	1005c608	46	false	false	
DECOMPILED	FUN_1005c636	1005c636	92	false	false	
DECOMPILED	FUN_1005c69b	1005c69b	164	false	false	
DECOMPILED	FUN_1005c73f	1005c73f	444	false	false	
DECOMPILED	FUN_1005c8fb	1005c8fb	84	false	false	
DECOMPILED	FUN_1005c94f	1005c94f	101	false	false	
DECOMPILED	FUN_1005c9b4	1005c9b4	115	false	false	
DECOMPILED	FUN_1005ca27	1005ca27	220	false	false	
DECOMPILED	FUN_1005cb03	1005cb03	101	false	false	
DECOMPILED	FUN_1005cb68	1005cb68	473	false	false	
DECOMPILED	FUN_1005cd41	1005cd41	101	false	false	
DECOMPILED	FUN_1005cda6	1005cda6	395	false	false	
DECOMPILED	FUN_1005cf31	1005cf31	141	false	false	
DECOMPILED	FUN_1005cfbe	1005cfbe	42	false	false	
DECOMPILED	FUN_1005cfe8	1005cfe8	318	false	false	
DECOMPILED	FUN_1005d131	1005d131	127	false	false	
DECOMPILED	_strlen	1005d1b0	123	false	false	
DECOMPILED	FUN_1005d22b	1005d22b	45	false	false	
DECOMPILED	__exit	1005d258	17	false	false	
DECOMPILED	FUN_1005d269	1005d269	15	false	false	
DECOMPILED	FUN_1005d278	1005d278	163	false	false	
DECOMPILED	FUN_1005d31d	1005d31d	9	false	false	
DECOMPILED	FUN_1005d326	1005d326	9	false	false	
DECOMPILED	FUN_1005d32f	1005d32f	26	false	false	
DECOMPILED	FUN_1005d349	1005d349	185	false	false	
DECOMPILED	FUN_1005d402	1005d402	153	false	false	
DECOMPILED	FUN_1005d49b	1005d49b	436	false	false	
DECOMPILED	FUN_1005d64f	1005d64f	306	false	false	
DECOMPILED	FUN_1005d781	1005d781	57	false	false	
DECOMPILED	FUN_1005d7ba	1005d7ba	339	false	false	
DECOMPILED	FUN_1005d90d	1005d90d	68	false	false	
DECOMPILED	FUN_1005d951	1005d951	41	false	false	
DECOMPILED	FUN_1005d97a	1005d97a	89	false	false	
DECOMPILED	FUN_1005d9d3	1005d9d3	105	false	false	
DECOMPILED	__aulldiv	1005da40	104	false	false	
DECOMPILED	__aullrem	1005dab0	117	false	false	
DECOMPILED	FUN_1005db25	1005db25	53	false	false	
DECOMPILED	FUN_1005db5a	1005db5a	22	false	false	
DECOMPILED	FUN_1005db70	1005db70	146	false	false	
DECOMPILED	FUN_1005dc02	1005dc02	137	false	false	
DECOMPILED	FUN_1005dc8b	1005dc8b	111	false	false	
DECOMPILED	FUN_1005dcfa	1005dcfa	203	false	false	
DECOMPILED	FUN_1005ddc5	1005ddc5	73	false	false	
DECOMPILED	FUN_1005de0e	1005de0e	86	false	false	
DECOMPILED	FUN_1005de64	1005de64	140	false	false	
DECOMPILED	FUN_1005def0	1005def0	27	false	false	
DECOMPILED	FUN_1005df0b	1005df0b	12	false	false	
DECOMPILED	FUN_1005df17	1005df17	27	false	false	
DECOMPILED	FUN_1005df32	1005df32	141	false	false	
DECOMPILED	FUN_1005dfbf	1005dfbf	364	false	false	
DECOMPILED	FUN_1005e12b	1005e12b	22	false	false	
DECOMPILED	FUN_1005e141	1005e141	22	false	false	
DECOMPILED	FUN_1005e157	1005e157	45	false	false	
DECOMPILED	FUN_1005e184	1005e184	45	false	false	
DECOMPILED	FUN_1005e1b1	1005e1b1	119	false	false	
DECOMPILED	FUN_1005e228	1005e228	92	false	false	
DECOMPILED	FUN_1005e284	1005e284	182	false	false	
DECOMPILED	FUN_1005e340	1005e340	7	false	false	
DECOMPILED	FUN_1005e350	1005e350	224	false	false	
DECOMPILED	_memset	1005e430	88	false	false	
DECOMPILED	__fptrap	1005e488	9	false	false	
DECOMPILED	FUN_1005e491	1005e491	208	false	false	
DECOMPILED	FUN_1005e561	1005e561	141	false	false	
DECOMPILED	FUN_1005e5ee	1005e5ee	511	false	false	
DECOMPILED	FUN_1005e812	1005e812	43	false	false	
DECOMPILED	FUN_1005e8be	1005e8be	719	false	false	
DECOMPILED	FUN_1005eb8d	1005eb8d	291	false	false	
DECOMPILED	FUN_1005ecb0	1005ecb0	124	false	false	
DECOMPILED	FUN_1005ed2c	1005ed2c	127	false	false	
DECOMPILED	FUN_1005edab	1005edab	66	false	false	
DECOMPILED	FUN_1005eded	1005eded	95	false	false	
DECOMPILED	FUN_1005ee4c	1005ee4c	34	false	false	
DECOMPILED	FUN_1005ee6e	1005ee6e	147	false	false	
DECOMPILED	__global_unwind2	1005ef04	32	false	false	
DECOMPILED	__local_unwind2	1005ef46	104	false	false	
DECOMPILED	FUN_1005efda	1005efda	24	false	false	
DECOMPILED	FUN_1005f0b9	1005f0b9	27	false	false	
DECOMPILED	FUN_1005f0d4	1005f0d4	1185	false	false	
DECOMPILED	FUN_1005f5a5	1005f5a5	429	false	false	
DECOMPILED	FUN_1005f752	1005f752	74	false	false	
DECOMPILED	FUN_1005f79c	1005f79c	51	false	false	
DECOMPILED	FUN_1005f7cf	1005f7cf	41	false	false	
DECOMPILED	FUN_1005f7f8	1005f7f8	389	false	false	
DECOMPILED	FUN_1005f97d	1005f97d	28	false	false	
DECOMPILED	FUN_1005f999	1005f999	137	false	false	
DECOMPILED	FUN_1005fa22	1005fa22	33	false	false	
DECOMPILED	___add_12	1005fa43	94	false	false	
DECOMPILED	FUN_1005faa1	1005faa1	46	false	false	
DECOMPILED	FUN_1005facf	1005facf	45	false	false	
DECOMPILED	FUN_1005fafc	1005fafc	199	false	false	
DECOMPILED	FUN_1005fbc3	1005fbc3	659	false	false	
DECOMPILED	FUN_1005fe56	1005fe56	691	false	false	
DECOMPILED	FUN_10060109	10060109	535	false	false	
DECOMPILED	FUN_10060320	10060320	40	false	false	
DECOMPILED	FUN_10060348	10060348	3	false	false	
DECOMPILED	FUN_1006034b	1006034b	14	false	false	
DECOMPILED	FUN_10060359	10060359	15	false	false	
DECOMPILED	FUN_10060368	10060368	35	false	false	
DECOMPILED	FUN_1006038b	1006038b	86	false	false	
DECOMPILED	FUN_100603e1	100603e1	293	false	false	
DECOMPILED	FUN_10060506	10060506	544	false	false	
DECOMPILED	FUN_10060726	10060726	124	false	false	
DECOMPILED	FUN_100607a2	100607a2	41	false	false	
DECOMPILED	FUN_100607cb	100607cb	193	false	false	
DECOMPILED	FUN_10060890	10060890	208	false	false	
DECOMPILED	FUN_10060960	10060960	257	false	false	
DECOMPILED	FUN_10060a61	10060a61	97	false	false	
DECOMPILED	RtlUnwind	10060ac2	6	true	false	
TOTAL	947	DECOMPILED	947	FAILED	0
