fixture	parser-call	row	start	end	discriminator	context-type
parser-offsets-punctuation.txt	1	0	0	5	A	5
parser-offsets-punctuation.txt	1	1	7	12	A	4
parser-offsets-punctuation.txt	2	0	0	5	A	3
parser-offsets-numeric-isolated.txt	1	0	0	1	A	0
parser-offsets-numeric-isolated.txt	1	1	1	3	A	4
parser-offsets-numeric-isolated.txt	2	0	0	4	A	0
parser-offsets-numeric-isolated.txt	2	1	0	4	A	0
parser-offsets-numeric-isolated.txt	2	2	0	4	A	0
parser-offsets-numeric-isolated.txt	2	3	0	4	A	4
parser-offsets-numeric-isolated.txt	3	0	0	5	A	0
parser-offsets-numeric-isolated.txt	3	1	0	5	A	4
parser-offsets-numeric-isolated.txt	4	0	0	2	A	0
parser-offsets-numeric-isolated.txt	4	1	0	2	A	0
parser-offsets-numeric-isolated.txt	4	2	2	3	A	4
parser-offsets-numeric-isolated.txt	5	0	0	4	A	0
parser-offsets-numeric-isolated.txt	5	1	0	4	A	4
parser-offsets-numeric-isolated.txt	6	0	0	10	A	0
parser-offsets-numeric-isolated.txt	6	1	0	10	A	0
parser-offsets-numeric-isolated.txt	6	2	0	10	A	0
parser-offsets-numeric-isolated.txt	6	3	0	10	A	0
parser-offsets-numeric-isolated.txt	6	4	0	10	A	4
parser-offsets-numeric-isolated.txt	7	0	0	4	A	0
parser-offsets-numeric-isolated.txt	7	1	0	4	A	0
parser-offsets-numeric-isolated.txt	7	2	0	4	A	0
parser-offsets-numeric-isolated.txt	7	3	5	7	S	4
parser-offsets-numeric-isolated.txt	8	0	0	3	A	0
parser-offsets-numeric-isolated.txt	8	1	0	3	A	0
parser-offsets-numeric-isolated.txt	8	2	0	3	A	0
parser-offsets-numeric-isolated.txt	8	3	3	4	S	0
parser-offsets-numeric-isolated.txt	8	4	4	8	A	0
parser-offsets-numeric-isolated.txt	8	5	4	8	A	0
parser-offsets-numeric-isolated.txt	8	6	4	8	A	4
hello-repeat-plain.txt	1	0	0	5	A	0
hello-repeat-plain.txt	1	1	6	11	A	2
